SKU,Quantity,Attribute1Values
33VWB-06,18,
16SSFS-04,2,"A-Sm,A-Lg"
GIFT-10,100,
GIFT-100,90,
GIFT-25,100,
GIFT-50,100,
33VSHC-01,9,One Size
16SSFS-04,1,WO/LG
24EHS-48,4,ADULT ONE SIZE
44LLS-01,4,ONE SIZE/XXL
44LLS-02,4,ONE SIZE/XXL
88CBR14-01,18,"5M,5W,5.5M,5.5W,6W,6.5M,7W,7.5W,8M,8W,8.5M,8.5W,9M,9W,9.5M,9.5W,10M,10W"
66B560-01,11,"6M,6.5M,7M,7.5M,8.5M,9M,10.5M,11M,11.5M,12M,12.5M"
66B560-01,11,"6M,6.5M,7M,7.5M,8.5M,9M,10.5M,11M,11.5M,12M,12.5M"
66B560-01,11,"6M,6.5M,7M,7.5M,8.5M,9M,10.5M,11M,11.5M,12M,12.5M"
,18,"4M,5M,5.5M,7M,7.5M,8M,8.5M,9M,9.5M,10M,10.5M,10.5M,11M,11.5M,12M,12.5M,13M,13.5M,14M"
55P31-01,11,"7M,8M,9M,10M,11M,12M,13M,14M,15M,16M,17M"
55P31-01,11,"7M,8M,9M,10M,11M,12M,13M,14M,15M,16M,17M"
55P31-01,11,"7M,8M,9M,10M,11M,12M,13M,14M,15M,16M,17M"
25AHS-07,3,Plus Size
56NT113-01,2,"9M,40M"
11B205-51LS,7,"5M,5.5M,6M,6.5M,7M,7.5M,9M"
46DBRI-01,0,
99AL29-01,9,"5B,5.5B,6.5B,8.5B,9B,9.5B,10B,10.5B,11B"
36TNV-01S,5,"6M,8M,8,5M,9M,9.5M"
36TGIN-44,3,"6M,8.5M,9M"
11VDC1-01,4,"6M,6.5M,7.5M,12M"
34R13-01S,9,"5M,5.5M,6M,6.5M,7M,7.5M,8M,8.5M,10M"
34R11-44S,9,"5M,5.5M,6M,6.5M,7M,8M,8.5M,9M,10M"
84ARHEL-01,9,"8M,8.5M,9M,9.5M,10M,10.5M,11M,12M,13M"
85DM261-01,5,"7M,8M,9M,10M,11M"
34R12-44S,12,"5M,5.5M,6M,6.5M,7M,7.5M,8M,8.5M,9M,10M"
83OLSUN-01,7,"7M,7.5M,8M,8.5M,9M,10M,11M"
84AR405-51S,10,"7M,7.5M,8M,8.5M,9M,9.5M,10M,10.5M,11M,12M"
85DM2612-01,5,"7M,8M,9M,10M,11M"
34R13-01S,10,"5M,5.5M,6M,6.5M,7M,7.5M,8M,8.5M,9M,10M"
34R13-80S,10,"5M,5.5M,6M,6.5M,7M,7.5M,8M,8.5M,9M,10M"
56NT405-01,1,40
83OLJES-01,5,"7.5M,8.5M,9M,10M,11M"
34R12-01S,8,"5M,5.5M,6M,7M,7.5M,8M,8.5M,10M"
34R11-80S,9,"5M,5.5M,6M,6.5M,7M,7.5M,8M,9M,10M"
83OL737-01,6,"5M,6M,7M,8M,9M,10M"
83OL737-01,6,"5M,6M,7M,8M,9M,10M"
83OL738-01,5,"6M,7M,8M,9M,10M"
83OL737-03,5,"6M,7M,8M,9M,10M"
OL8118-01C,7,"7M,7.5M,8M,8.5M,9M,10M,11M"
OL8118-01C,7,"7M,7.5M,8M,8.5M,9M,10M,11M"
83OL8116-08,5,"7M,8M,9M,10M,11M"
OL838113-01,6,"5M,7M,8M,9M,10M,11M"
OL838113-01,6,"5M,7M,8M,9M,10M,11M"
830L8104-01S,7,"7M,7.5M,8M,8.5M,9M,10M,11M"
830L8104-01S,7,"7M,7.5M,8M,8.5M,9M,10M,11M"
83OLUGG-51S,8,"6M,6.5M,7M,7.5M,8M,8.5M,9M,10M"
83OLUGG-08S,7,"6.5M,7M,7.5M,8M,8.5M,9M,10M"
83OLUGG-01S,7,"6.5M,7M,7.5M,8M,8.5M,9M,10M"
83OL89852-01,7,"7M,7.5M,8M,8.5M,9M,10M,11M"
OL838116-01,4,"7M,8M,10M,11M"
83OL8638-01,5,"8.5W,9W,10W,11W,12W"
86S1401-44,5,"8W,8.5W,9W,10W,11W"
86S1401-07,9,"6W,6.5W,7W,7.5W,8W,8.5W,9W,10W,11W"
86S1401-02P,3,"8W,10W,11W"
86S1401-03P,11,"6W,6.5W,7W,7.5W,8W,8.5W,9W,10W,11W,12W,13W"
OL83VEN-04,7,"7M,7.5M,8M,8.5M,9M,10M,11M"
OL83VEN-04,7,"7M,7.5M,8M,8.5M,9M,10M,11M"
67SDD70-02,7,"7M,7.5M,8M,8.5M,9M,9.5M,10M"
36TR2294-01,8,"6M,6.5M,7M,7.5M,8M,8.5M,9M,10M"
37ANSYL-67,3,"7M,8M,9M"
36TRSEXY-01,0,"7M,7.5M,8M,8.5M,9M,10M,11M"
36TRSEXY-01,0,"7M,7.5M,8M,8.5M,9M,10M,11M"
66B539-67,6,"6M,7M,7.5M,10M,11.5M,13M"
36TRITA-01,6,"6M,6.5M,7M,7.5M,8.5M,9M"
46DYUM-01,1,6M
34R11-01S,9,"5M,5.5M,6M,6.5M,7M,7.5M,8M,8.5M,10M"
84ARKRY-01,9,"7M,7.5M,8M,8.5M,9M,9.5M,10M,10.5M,11M"
83OL2899-01C,7,"7M,7.5M,8M,8.5M,9M,10M,11M"
83OL2899-01C,7,"7M,7.5M,8M,8.5M,9M,10M,11M"
62GSA-02,4,"8M,9M,10M,11M"
62GSA-02,4,"8M,9M,10M,11M"
55SCO-01,4,"8M,10M,11M,12M"
OL832899-66C,7,"6.5M,7M,7.5M,8M,8.5M,9M,10M"
OL832899-66C,7,"6.5M,7M,7.5M,8M,8.5M,9M,10M"
33VWB-51,3,
86S1290-01,12,"6W,6.5W,7W,7.5W,8W,8.5W,9W,10W,11W,12W,13W,14W"
86S1160-01P,5,"6M,7M,8M,9M,10M"
86S1160-01P,5,"6M,7M,8M,9M,10M"
86S1194-01,3,"12W,13W,14W"
86S1194-01,3,"12W,13W,14W"
OL838107-01,7,"7M,7.5M,8M,8.5M,9M,10M,11M"
OL838107-01,7,"7M,7.5M,8M,8.5M,9M,10M,11M"
86S1185-01S,3,"12W,13W,14W"
86S1185-01S,3,"12W,13W,14W"
86S1590-01,3,"12W,13W,14W"
86S15918-07,3,"12W,13W,14W"
86S15918-44,3,"12W,13W,14W"
45EF184-08,5,"AD/SM/MED,AD/LG/XL"
45EF1184-01,3,AD/ONE SIZE
45EF1184-08L,2,AD/ONE SIZE
45EF1184-03H,1,AD/ONE SIZE
45EF1149-08L,3,AD/ONE SIZE
45EF1165-67,4,"AD/SM/MED,LG/XL"
45EF1184-06,2,AD/ONE SIZE
45EF1184-02,2,AD/ONE SIZE
45EF1169-08C,6,"AD/SM/MED,LG/XL"
45EF1169-06,6,"AD/SM/MED,LG/XL"
45EF2204-02,6,"AD/SM/MED,LG/XL"
45EF2265-01,6,"AD/SM/MED,LG/XL"
45EF2250-94,3,AD/ONE SIZE
45EFL1153-01,3,WO/ONE SIZE
45EF1153-06,3,WO/ONE SIZE
45EFL1183-92,3,WO/ONE SIZE
45EFL1190-16M,3,WO/ONE SIZE
45EFL1190-08M,3,WO/ONE SIZE
45EFL1190-03M,3,WO/ONE SIZE
45EFL2209-01,3,WO/ONE SIZE
45EFL2209-25,2,WO/ONE SIZE
45EFL2209-02,3,WO/ONE SIZE
45EKF1144-08,2,CH/ONE SIZE
45EKF1144-06,2,CH/ONE SIZE
44L4028-01,21,"5M,5.5M,6M,6W,6.5M,6.5W,7M,7.5W,8.5M,8.5W,9W,9.5M,9.5W,10M,10.5M,10.5W,11W,12W,12.5W,13W,13.5W"
24EFC-07,6,AD/O/S
24EKP-01,5,"AD/XXS,AD/XS,AD/SM,AD/MED,AD/LG"
24EKP-01,5,"AD/XXS,AD/XS,AD/SM,AD/MED,AD/LG"
24EKP-01,5,"AD/XXS,AD/XS,AD/SM,AD/MED,AD/LG"
24EKP-01,5,"AD/XXS,AD/XS,AD/SM,AD/MED,AD/LG"
46DSAN-01,3,"6.5M,7.5M,9M"
33VP30-08,2,"7.5M,9.5M,"
33VP30-08,2,"7.5M,9.5M,"
99AL974-01,14,"4C,5B,5C,5.5B,5.5C,6B,6C,6.5B,8B,9B,10.5B,11C,11.5B,11.5C"
99AL974-01,14,"4C,5B,5C,5.5B,5.5C,6B,6C,6.5B,8B,9B,10.5B,11C,11.5B,11.5C"
67S73-01S,12,"6.5M,7M,7.5M,8M,8.5M,9M,9.5M,10M,10.5M,11M,11.5M,12M"
55ST07-04,11,"6M,7M,8M,9M,10M,11M,12M,13M,14M,15M,16M"
55ST07-04,11,"6M,7M,8M,9M,10M,11M,12M,13M,14M,15M,16M"
55ST07-04,11,"6M,7M,8M,9M,10M,11M,12M,13M,14M,15M,16M"
55ST07-04,11,"6M,7M,8M,9M,10M,11M,12M,13M,14M,15M,16M"
56NT402-07,1,9M
45EF2250-02,2,AD/ONE SIZE
45EF2250-53,2,AD/ONE SIZE
44LAD-51,7,"3M,3.5M,4M,4.5M,5M,6M,9.5M"
55T02-01,5,"7M,9M,10M,11M,12M"
55T02-01,5,"7M,9M,10M,11M,12M"
55T02-01,5,"7M,9M,10M,11M,12M"
44L30-09P,24,"6M,6W,6.5M,7W,7.5M,7.5W,8M,8W.8.5M,8.5W,9M,9W,9.5M,9.5W,10M,10W,10.5W,11W,11.5W,12W,12.5W,13W,13.5W,14W"
44L30-09P,24,"6M,6W,6.5M,7W,7.5M,7.5W,8M,8W.8.5M,8.5W,9M,9W,9.5M,9.5W,10M,10W,10.5W,11W,11.5W,12W,12.5W,13W,13.5W,14W"
44L30-09P,24,"6M,6W,6.5M,7W,7.5M,7.5W,8M,8W.8.5M,8.5W,9M,9W,9.5M,9.5W,10M,10W,10.5W,11W,11.5W,12W,12.5W,13W,13.5W,14W"
44L30-09P,24,"6M,6W,6.5M,7W,7.5M,7.5W,8M,8W.8.5M,8.5W,9M,9W,9.5M,9.5W,10M,10W,10.5W,11W,11.5W,12W,12.5W,13W,13.5W,14W"
44L30-09P,24,"6M,6W,6.5M,7W,7.5M,7.5W,8M,8W.8.5M,8.5W,9M,9W,9.5M,9.5W,10M,10W,10.5W,11W,11.5W,12W,12.5W,13W,13.5W,14W"
44L105-03,11,"5.5M,6M,7M,7.5M,8M,8.5M,9M,9.5M,10M,10.5M,11M"
55S91-01,6,"12M,13M,14M,15M,16M,17M"
34R13-44S,10,"5M,5.5M,6M,6.5M,7M,7.5M,8M,8.5M,9M,10M"
36TCEL-01C,7,"5.5M,6M,6.5M,7M,8M,8.5M,9M"
66B568-01,3,"7M,9M,14M"
83OL2899-01,5,"8M,8.5M,9M,10M,11M"
83OL2899-01,5,"8M,8.5M,9M,10M,11M"
66B515-03,10,"5.5M,6M,6.5M,7M,7.5M,8.5M,9.5M,10M,10.5M,11M"
99AL29-01,2,"4B,4.5B"
66B500-01,13,"5.5M,6M,6.5M,7M,7.5M,8M,8.5,9M,9.5M,10M,11M,12.5M,13M"
45EF2204-06,3,AD/SM/MED
36TSUE-25,1,8.5M
67S92-01S,7,"5.5M,6M,6.5M,7.5M,8M,8.5M,9.5M"
55SGR-01,5,"5M,6M,7M,8M,9M"
36TCAL-04B,5,"6M,6.5M,7M,8M,9M"
88C07-09,1,5M
88C07-09,1,5M
88C07-09,1,5M
55P40-01,13,"5M,6M,8M,9M,10M,11M,12M,13M,14M,15M,16M,17M,18M"
55P40-01,13,"5M,6M,8M,9M,10M,11M,12M,13M,14M,15M,16M,17M,18M"
55P40-01,13,"5M,6M,8M,9M,10M,11M,12M,13M,14M,15M,16M,17M,18M"
33V923-51S,5,"6.5M,7M,7.5M,8M,8.5M"
33V923-87,5,"6M,6.5M,7M,8M,8.5M"
55SJ23-01,6,"6M,7M,10M,11M,12M,13M"
55SJ23-01,6,"6M,7M,10M,11M,12M,13M"
55SJ23-01,6,"6M,7M,10M,11M,12M,13M"
84ARCOS4-03,3,"7M,7.5M,10.5M"
99AL452-01,13,"2.5B,2.5C,3B,3C,3.5B,3.5C,4B,4C,5B,6.5B,8.5B,10.5B,11C,11.5B"
99AL452-01,13,"2.5B,2.5C,3B,3C,3.5B,3.5C,4B,4C,5B,6.5B,8.5B,10.5B,11C,11.5B"
46DMOC-01,0,
99AL29-51,10,"5B,5.5B,6.5B,7B,7.5B,8B,9B,9.5B,10B,11B"
67S38-07,15,"5.5W,6W,6.5W,7W,8.5W,9W,9.5W,10W,10.5W,11W,11.5W,12W,12.5W,13W"
11B311-08,6,"8W,8.5W,9W,9.5W,10W,10.5W"
45EF210-01,4,"AD/SM/MED,AD/L/XL"
45EF184-66,2,"AD/SM/MED,AD/L/XL"
8615918-01,2,"12W,13W"
86S1591-01,3,"12W,13W,14W"
85DM2672-01,4,"9M,10M,11M,12M"
45EHE04-01,2,MEN/LG/XL
99AL102-51S,6,"6B,7B,8B,8.5B,10B,10.5B"
34R12-80S,8,"5M,6M,6.5M,7M,7.5M,8M,9M,10M"
44L005-03S,15,"6C,6,5C,7C,7E,7.5C,7.5D,7.5E,8C,8.5D,8.5E,9C,9D,9E,10C,10E"
11B603-51S,10,"11M,12M,13M,1M,1.5M,2M,2.5M,3M,3.5M,4M"
11B603-51S,10,"11M,12M,13M,1M,1.5M,2M,2.5M,3M,3.5M,4M"
19SLSS-79,1,WO/MED
19SLSS-17,1,AD/SM
19SLS-04S,0,WO/LG
19SLSS-07,1,WO/SM
66B560-01,9,"6M,6.5M,7M,7.5M,8.5M,10.5M,11M,,12M,12.5M"
66B560-01,9,"6M,6.5M,7M,7.5M,8.5M,10.5M,11M,,12M,12.5M"
66B560-01,9,"6M,6.5M,7M,7.5M,8.5M,10.5M,11M,,12M,12.5M"
87GB174-09,3,"8M,9M,9.5M"
87GB174-09,3,"8M,9M,9.5M"
46DBET1-01,0,
66B168-03,18,"1C,1.5C,2C,2.5C,3B,3C,3.5C,4C,4.5C,5C,5.5C,6C,6.5C,7C,7.5C,8C,8,5C,9C"
66B100-03S,7,"3.5 2Y,4 2Y,4.5 2Y,5 2Y,5.5 2Y,6 2Y,6.5 2Y"
66BN-45S,13,"5B,5.5B,6B,6.5B,7B,7.5B,8B,8.5B,9B,9.5B,10B,10.5B,11B"
66B324-01,15,"5M,5.5M,6M,6.5M,7M,7.5M,8M,8.5M,9M,9.5M,10M,10.5M,11M,11.5M,12M"
66B404-01,16,"4M,4.5M,5M,5.5M,6M,6.5M,7M,7.5M,8M,8.5M,9M,9.5M,10M,10.5M,11M,11.5M"
66B404-01,16,"4M,4.5M,5M,5.5M,6M,6.5M,7M,7.5M,8M,8.5M,9M,9.5M,10M,10.5M,11M,11.5M"
66B404-01,16,"4M,4.5M,5M,5.5M,6M,6.5M,7M,7.5M,8M,8.5M,9M,9.5M,10M,10.5M,11M,11.5M"
66B404-01,16,"4M,4.5M,5M,5.5M,6M,6.5M,7M,7.5M,8M,8.5M,9M,9.5M,10M,10.5M,11M,11.5M"
66B313M-01,10,"8.5M,9M,9.5M,10M,10.5M,11M,11.5M,12M,12.5M,13M"
66B301-51,20,"CH/10M,CH/10.5M,CH/11M,CH/11.5M,CH/12M,CH/12.5M,CH/13M,13.5M,1M,1.5M,4M,4.5M,5.5M,6M,6.5M,7M,7.5M,8M,8.5M,10M"
66BKM-02,16,"WO/7M,WO/7.5M,WO/8M,WO/8.5M,WO/9M,WO/9.5M,WO/10M,WO/10.5M/WO/11M,WO/11.5M,MEN/8.5M,MEN/9M,MEN/9.5M,MEN/10M,MEN/10.5M"
66BKM-02,16,"WO/7M,WO/7.5M,WO/8M,WO/8.5M,WO/9M,WO/9.5M,WO/10M,WO/10.5M/WO/11M,WO/11.5M,MEN/8.5M,MEN/9M,MEN/9.5M,MEN/10M,MEN/10.5M"
66BKM-02,16,"WO/7M,WO/7.5M,WO/8M,WO/8.5M,WO/9M,WO/9.5M,WO/10M,WO/10.5M/WO/11M,WO/11.5M,MEN/8.5M,MEN/9M,MEN/9.5M,MEN/10M,MEN/10.5M"
66B538-22,1,8M
66B302-01,28,"CH/9M,CH/9.5M,CH/10M,CH/10.5M,CH/11M,CH/11.5M,CH/11.5M,CH/12M,CH/12.5M,CH/13M,13.5M,1M,1.5M,4.5M,5M,5.5M,6.5M,7M,7.5M,8M,8.5M,9M,9.5M,10M,10.5M,11M,11.5M,12M"
66B259L--03,18,"4B,4C,4.5B,4.5C,5B,5C,5.5B,5.5C,6B,6C,6.5B,6.5C,7B,7C,7.5B,7.5C"
66B528-01,23,"5.5M,6M,6.5M,7M,7.5M,8M,8.5M,9M,9.5M,10M,10.5M,11M,11.5M,12M,12.5M,13M,13.5M,14M,14.5M,15M,16M"
88CBR01C-01,9,"2.5W,3W,4M,4.5M,4.5W,5M,5W,5.5M,5.5W"
88CGI-01,2,"7M,7.5M"
88CP03-01,5,"6W,7.5M,7.5W,8M,10W"
88CP03-01,5,"6W,7.5M,7.5W,8M,10W"
88CP03-01,5,"6W,7.5M,7.5W,8M,10W"
88CBR8-01,4,"5.5M,6.5M,7W,7.5W"
88H07S-87,4,"WO/PET,SM,MED,XL"
88H07S-87,4,"WO/PET,SM,MED,XL"
88H07S-87,4,"WO/PET,SM,MED,XL"
88C380C-51,12,"11M,11W,11.5M,11.5W,12M,12W,12.5W,13W,1M,2W,2.5M,2.5W"
87B409-10,3,AD/12OZ.
87B408-10,7,AD/4OZ.
88C15R-01,2,"6.5W,8W"
88C25R-01,3,"7.5M,8M,9M"
66B515-01,11,"6M,6.5M,7M,7.5M,8M,9.5M,10M,10.5M,11M,11.5M,12M"
67S37-01,7,"5.5M,6M,6.5M,7M,9M,9.5M,10M"
62GSA-01,2,"10M,11M"
62GSA-01,2,"10M,11M"
56NT402-44,1,6M
88C02-01,30,"3W,3.5M,4M,4.5M,4.5W,5M,5W,5.5M,5.5W,6M,6.5M,6.5W,7M,7.5W,8W,8.5M,9M,9W,9.5M,9.5W,10W,10.5M,10.5W,11.5W,12M,12W,12.5W,13.5W,14W"
66B271-03,27,"2B,2C,2.5B,2.5C,3B,3C,3.5B,3.5C,4B,4C,4.5B,4.5C,5B,5.5B,5.5C,6C,6.5B,6.5C,7B,7C,7.5B,7.5C,8B,8C,8.5B,8.5C"
88C233-03,18,"5.5M,6M,6.5M,6.5W,7M,7W,7.5M,7.5W,8M,8W,8.5M,8.5W,9M,9W,9.5M,9.5W,10M,10W,10.5M,10.5W,11M,12M,12W"
88C389-51,10,"3.5M,4M,4.5M,5M,5.5M,6M,6.5M,7.5M,8.5M,9M"
88C389-01,5,"3.5M,4M,5M,5.5M,6M"
88C02-51,24,"CH/1M,CH/1W,CH/1.5M,CH/2M,CH/2W,CH/2.5W,3M,3W,3.5M,3.5W,4.5W,5M,5W,5.5M,5.5W,6M,6.5M,6.5W,7M,7.5W,8M,8W,8.5M,8.5W,9M,9W,9.5M,10M,10W"
14M7205C-01,3,"MEN'S SM,MEN'S MED,MEN'S LG"
14M7205C-01,3,"MEN'S SM,MEN'S MED,MEN'S LG"
14M7205C-01,3,"MEN'S SM,MEN'S MED,MEN'S LG"
14M7205S-01,3,"MEN'S SM,MEN'S MED,MEN'S LG"
14M7205S-01,3,"MEN'S SM,MEN'S MED,MEN'S LG"
14M7205S-01,3,"MEN'S SM,MEN'S MED,MEN'S LG"
147203C-01,3,"MEN'S SM,MEN'S MED,MEN'S LG"
147203C-01,3,"MEN'S SM,MEN'S MED,MEN'S LG"
147203C-01,3,"MEN'S SM,MEN'S MED,MEN'S LG"
44L978-01,11,"6M,6.5M,8M,8.5M,9.5M,10M,10.5M,11M,11.5M,12M,13.5M,14M"
44L978-01,11,"6M,6.5M,8M,8.5M,9.5M,10M,10.5M,11M,11.5M,12M,13.5M,14M"
44L978-01,11,"6M,6.5M,8M,8.5M,9.5M,10M,10.5M,11M,11.5M,12M,13.5M,14M"
44L978-01,11,"6M,6.5M,8M,8.5M,9.5M,10M,10.5M,11M,11.5M,12M,13.5M,14M"
14M7203S-01,3,"MEN'S SM,MEN'S MED,MEN'S LG"
14M7203S-01,3,"MEN'S SM,MEN'S MED,MEN'S LG"
14M7203S-01,3,"MEN'S SM,MEN'S MED,MEN'S LG"
14M1011-03,3,"CH/XSM,CH/SM,CH/MED"
14M1364-01,1,WOS MED
14M1364-01,1,WOS MED
14M1364-01,1,WOS MED
14M1364-01,1,WOS MED
88C128-01,15,"6M,6.5M,7M,7W,7.5M,7.5W,8M,8W,,8.5W,9M,9.5M,9.5W,10M,11M,12M"
83OL8985-01,6,"7M,8M,8.5M,9M,10M,11M"
67S80-04,4,"7M,8M,8.5M,9M"
66B213--03,24,"2B,2C,2.5B,2.5C,3B,3C,3.5B,3.5C,4B,4C,4.5B,4.5C,5B,5.5C,6B,6C,6.5B,6.5C,7.5B,7.5C,8B,8C,8.5B,8.5C"
9KB1-01,10,ONE SIZE
9KB1-01,10,ONE SIZE
9KB2-01,3,ONE SIZE
9KB2-01,3,ONE SIZE
9KB3-01,3,ONE SIZE
9KB3-01,3,ONE SIZE
9KB4-01,3,One Size
9KB4-01,3,One Size
88C02-51,29,"5M,5W,5.5M,5.5W,6M,6W,6.5M,6.5W,7M,7W,7.5M,7.5W,8M,8W,8.5M,8.5W,9W,9.5M,9.5W,10M,10W,10.5M,10.5W,11M,11W,11.5M,11.5W,12M,12W"
9KBL-01,4,"WOS. SM,WOS. MED"
9KBL-01,4,"WOS. SM,WOS. MED"
9KBL-01,4,"WOS. SM,WOS. MED"
9KBTS-01,4,"WOS. SM,WOS. MED"
9KBTS-01,4,"WOS. SM,WOS. MED"
9KBTS-01,4,"WOS. SM,WOS. MED"
9KBTS-02,4,"WOS SM,WOS MED"
9KBTS-02,4,"WOS SM,WOS MED"
9KBTS-02,4,"WOS SM,WOS MED"
49B144-01S,4,"6.5M,7M,8M,8.5M"
67SR01C-01,8,"CH/12M,CH/13M,1M,1.5M,2M,2.5M,3M,3.5M"
67SCK11-03,16,"3.5B,3.5C,4B,4C,4.5B,4.5C,5B,5C,5.5B,6B,6C,6.5B,6.5C,7B,7C,7.5B"
67S61-01,25,"6.5W,7M,7W,7.5M,7.5W,8M,8W,8.5M,8.5W,9M,9W,9.5M,9.5W,10M,10W,10.5M,10.5W,11M,11W,11.5M,11.5W,12M,12W,12.5M,12.5W,13M,13W"
67S28-COS,4,"7M,7.5M,9M,10M"
15A159-01,4,"5M,5W,5.5M,6M"
15A159-01,4,"5M,5W,5.5M,6M"
15A159-01,4,"5M,5W,5.5M,6M"
15A177-01,3,"8.5D,9D,14D"
15A177-01,3,"8.5D,9D,14D"
15A177-01,3,"8.5D,9D,14D"
67S28-01S,12,"6.5M,7M,7.5M,8M,8.5M,9M,9.5M,10M,11M,11.5M,12.5M,13M"
88C25S-03,30,"5M,5.5M,5.5W,6M,6W,6.5N,6.5M,6.5W,7N,7M,7W,7.5N,7.5M,7.5W,8N,8M,8W,8.5N,8.5M,8.5W,9N,9M,9W,9.5N,9.5M,9.5W,10N,10M,10W"
88C380-51,14,"3M,3W,3.5M,3.5W,4M,4W,5W,5.5W,6W,6.5W,7W,8.5W,9.5M,10M"
88CH07S-03,5,"WO/PET,SM,MED,LG,XL"
88CH07S-03,5,"WO/PET,SM,MED,LG,XL"
88CH07S-03,5,"WO/PET,SM,MED,LG,XL"
99AL181-01,12,"7.5B,8C,9C,9.5C,10C,10.5B,10.5C,11B,11C,11.5B,12C,12.5C"
55S33-01,7,"7M,8M,9M,10M,11M,12M,13M,14M,15M"
55S33-01,7,"7M,8M,9M,10M,11M,12M,13M,14M,15M"
55S33-01,7,"7M,8M,9M,10M,11M,12M,13M,14M,15M"
55S33-01,7,"7M,8M,9M,10M,11M,12M,13M,14M,15M"
55S909-03S,5,"9M,9W,10M,10W,11M"
55SBR33-51S,1,
16SSLCS-66,7,"S,M,L,XL"
88C239-03,21,"6M,6W,6.5W,7M,7W,7.5M,8M,8.5M,8.5W,9M,9W,9.5M,9.5W,10M,10W,10.5W,11M,11W,11.5M,11.5W,12W"
66B261L-03,16,"3B,3.5B,4B,4C,4.5B,4.5C,5C,5.5B,5.5C,6B,6C,6.5B,6.5C,7B,7C,7.5B"
33VP20-04,9,"6M,6.5M,7M,7.5M,8M,8.5M,9M,9.5M,10M"
33VP204 -01,6,"6.5M,7M,7.5M,8M,8.5M,9M"
67SDB22-01,25,"5M,5.5M,6M,6.5W,7M,7.5M,7.5W,8M,8W,8.5M,8.5W,9M,9W,9.5M,9.5W,10M,10W,10.5M,10.5W,11M,11W,11.5M,11.5W,12M,12W"
67SDD70-04,9,"7.5M,8M,8.5M,9M,9.5M,10M,10.5M,11M,11.5M"
67SDT810-01,9,"6M,6.5M,7M,7.5M,8M,8.5M,9M,9.5M,10M"
88C71-01,23,"5M,5.5M,6M,6.5M,6.5W,7M,7W,7.5W,8M,8W,8.5M,9M,9W,9.5M,10M,10.5M,10.5W,11M,11W,11.5W,12M,12W"
99AL965-06,15,"5B,5C,5.5C,6B,6C,6.5B,7C,7.5B,8C,8.5B,8.5C,9B,10.5B,11B,11.5B"
99AL965-06,15,"5B,5C,5.5C,6B,6C,6.5B,7C,7.5B,8C,8.5B,8.5C,9B,10.5B,11B,11.5B"
69D62-01,10,"6M,7M,8M,8.5M,9M,9.5M,10M,10.5M,11M,12M"
83OL2136-08,5,"7M,8M,9M,10M,11M"
83OL8103-06,0,"6M,8M,9M,10M"
OL838103-16,5,"7M,8M,9M,10M,11M"
830L2132-51,5,"6M,7M,8M,9M,10M"
99AL102-44,9,"6M,6.5M,7.5M,8.5M,9M,9.5M,10M,10.5M,11M"
99AL102-01,9,"6M,7M,8M,8.5M,9M,9.5M,10M,10.5M,11M"
46DMWE-01,0,
99AL964-06,18,"4B,4C,4.5B,5B,5.5B,5.5C,6B,6.5B,6.5C,7B,7C,7.5C,8B,8C,9B,9.5B,10B,10C,10.5B,10.5C,11B,11C,11.5B,11.5C"
99AL964-06,18,"4B,4C,4.5B,5B,5.5B,5.5C,6B,6.5B,6.5C,7B,7C,7.5C,8B,8C,9B,9.5B,10B,10C,10.5B,10.5C,11B,11C,11.5B,11.5C"
66B250-03,20,"2.5B,2.5C,3B,3C,3.5B,3.5C,4B,4C,4.5B,4.5C,5B,5C,5.5B,5.5C,6B,6C,6.5B,6.5C,7B,7C"
66B802-01,7,"6B,6.5B,7B,7.5B,8B,8.5B,9B"
94GV175-09,3,"6.5M,8.5M,9M"
66B404M-03,12,"7.5M,8M,8.5M,9M,9.5M,10M,10.5M,11M,11.5M,12M,12.5M,13M"
66B404M-03,12,"7.5M,8M,8.5M,9M,9.5M,10M,10.5M,11M,11.5M,12M,12.5M,13M"
66B404M-03,12,"7.5M,8M,8.5M,9M,9.5M,10M,10.5M,11M,11.5M,12M,12.5M,13M"
66B404M-03,12,"7.5M,8M,8.5M,9M,9.5M,10M,10.5M,11M,11.5M,12M,12.5M,13M"
34R13-44S,7,"5M,6M,6.5M,7M,7.5M,8M,10M"
66CH03-51,11,"CH/12M,CH/13M,CH/1M,2M,3M,4M,5M,6M,7M,8M,9M,10M"
66CH03-51,11,"CH/12M,CH/13M,CH/1M,2M,3M,4M,5M,6M,7M,8M,9M,10M"
16SSFL-08,1,WO/SM
16SSFS-01F,3,"WO/SM,WO/MED/,WO/LG"
16SSFS-66,4,"CH/MED,CH/LG,WO/MED/WO/LG"
16SSMT-04,2,"WO/SM,WO/MED"
16SSSCL-01,5,"WO/PET,WO/SM,WO/MED,WO/LG,WO/XL"
33VWB-51,3,
62GWB-06,12,ADULT ONE SIZE
69D42-03,12,"5M,5.5M,6M,6.5M,7M,7.5M,8M,9M,9.5M,10M,10.5M,11M,12M"
58CV2-03E,4,"23.5 D,24 D,24.5 D,25 D"
57FLS2-03E,5,"3.5D,4D,4.5D,5D,5.5D"
57FLCL-03E,6,"3.5 1X,4 1X,4.5 1X,4.5 2X,5.5 1X,6 1X"
55S111-04S,2,"8W,10W"
830L8104-08S,6,"7M,7.5M,8.5M,9M,10M,11M"
830L8104-08S,6,"7M,7.5M,8.5M,9M,10M,11M"
83OL8979-01,1,10M
86S1401-01P,4,"6W,8W,9W,10W"
46DNOE-01S,0,
88CPHC-10,10,One size
88CPHC-10,10,One size
88CZ11-51,6,"AD/PET = WO. 4-5,AD/SM = WO. 6-7,AD/MED = WOS. 8-9,AD/LG = WOS. 10-11,AD/XL =  WO. 12-13,AD/XXL = WO. 14-15"
88CZ11-51,6,"AD/PET = WO. 4-5,AD/SM = WO. 6-7,AD/MED = WOS. 8-9,AD/LG = WOS. 10-11,AD/XL =  WO. 12-13,AD/XXL = WO. 14-15"
88CZ11-51,6,"AD/PET = WO. 4-5,AD/SM = WO. 6-7,AD/MED = WOS. 8-9,AD/LG = WOS. 10-11,AD/XL =  WO. 12-13,AD/XXL = WO. 14-15"
88CZ11-51,6,"AD/PET = WO. 4-5,AD/SM = WO. 6-7,AD/MED = WOS. 8-9,AD/LG = WOS. 10-11,AD/XL =  WO. 12-13,AD/XXL = WO. 14-15"
88CZ11-51,6,"AD/PET = WO. 4-5,AD/SM = WO. 6-7,AD/MED = WOS. 8-9,AD/LG = WOS. 10-11,AD/XL =  WO. 12-13,AD/XXL = WO. 14-15"
86S1400-01,6,"6W,7.5W,8W,8.5W,9W,10W"
37ANLEO-87,2,"6M,7M"
45EF1165-01,2,AD/SM/MED
62G957-01,8,"6M,7M,7.5M,8M,8.5M,9M,9.5M,10M"
55P922-01,12,"6M,8M,10M,12M,13M,14M,15M,16M,17M,18M,19M,20M"
55P922-01,12,"6M,8M,10M,12M,13M,14M,15M,16M,17M,18M,19M,20M"
55P922-01,12,"6M,8M,10M,12M,13M,14M,15M,16M,17M,18M,19M,20M"
55P922-01,12,"6M,8M,10M,12M,13M,14M,15M,16M,17M,18M,19M,20M"
55P922-01,12,"6M,8M,10M,12M,13M,14M,15M,16M,17M,18M,19M,20M"
85DM467-01,2,"5M,6M"
88C44-01,16,"6M,6W,6.5M,6.5W,7M,7W,7.5M,7.5W,8M,8W,8.5M,8.5W,9M,9W,9.5M,9.5W,10M,10W,10.5M,10.5W,11M,11W,11.5W,12M,12W"
88C44-01,16,"6M,6W,6.5M,6.5W,7M,7W,7.5M,7.5W,8M,8W,8.5M,8.5W,9M,9W,9.5M,9.5W,10M,10W,10.5M,10.5W,11M,11W,11.5W,12M,12W"
49B251-19S,6,"6M,7M,7.5M,8M,8.5M,9M"
66B538-04,4,"6M,6.5M,8M,10.5M"
88C191-03,6,"3C,4C,5C,5.5C,6C,6.5C"
88C175-03,8,"2C,2E,2.5B,2.5C,3E,3.5D,4C,4.5D"
88C102-03,18,"5.5M,5.5W,6M,6W,6.5M,6.5W,7M,7W,7.5M,7.5W,8M,8W,8.5M,8.5W,9M,9W,9.5W,10W"
88C2021-01,12,"8.5W,9W,9.5W,10W,10.5W,11W,11.5W,12W,12.5M,12.5W,13W,13.5W"
23REN-03E,7,"36-3,36-4,37-3,38-2,38-3,39-2,39-4"
23LUM-03E,5,"37 3,37.5 3,27.5 4,38 3,38 4"
25AHS-03,1,
33V25HP-10,6,"2.5"" Flare Heel"
33V3HP-10,6,"3"" Heel"
66B935-03,12,"WOS. A,WOS. B,WOS. C,WOS. D"
66B940-01,8,"WOS. A,WOS B,WOS. C,WOS. D"
44L5028-01,31,"4.5M,4.5W,5M,5W,5.5M,5.5W,6M,6W,6.5M,6.5W,7M,7W,7.5M,7.5W,8M,8W,8.5M,8.5W,9M,9.5M,9.5W,10M,10W,10.5M,10.5W,11M,11W,11.5W,12W,12.5W,13.5W,14W"
62G957-51,6,"5.5M,6.5M,7M,7.5M,8M,8.5M"
45EF2202-01Y,0,
66B361-01,12,"5.5M,6M,6.5M,7M,7.5M,8M,8.5M,9M,9.5M,10M,11M,11.5M"
66B30M-01,11,"6M,6.5M,7M,7.5M,8M,8.5M,9.5M,10M,10.5M,12M,12.5M,13M"
66B30M-01,11,"6M,6.5M,7M,7.5M,8M,8.5M,9.5M,10M,10.5M,12M,12.5M,13M"
67SDT715-01,8,"8.5M,9M,10M,10.5M,11.5M,12M,12.5M,13W"
66B388M-01,9,"8.5M,9M,9.5M,10M,10.5M,11M,11.5M,12M,12.5M"
66B388-01,21,"CH/11M,CH/11.5M,CH/12M,CH/12.5M,CH/13M,CH/13.5M,4M,4.5M,5M,5.6M,6M,6.5M,7M,7.5M,8.5M,9M,9.5M,10M,11M,11.5M,12M"
66BP-01,9,"6M,6.5M,7M,7.5M,8M,8.5M,9M,9.5M,10M"
66B30MS-01,15,"6M,6.5M,7M,7.5M,8M,8.5M,9M,9.5M,10M,10.5M,11M,11.5M,12M,12.5M,13M"
66B30MS-01,15,"6M,6.5M,7M,7.5M,8M,8.5M,9M,9.5M,10M,10.5M,11M,11.5M,12M,12.5M,13M"
66B160-03S,6,"3.5 3X,4 3X,4.5 3X,5 3X,5.5 3X,6 3X"
66B160-03S,6,"3.5 3X,4 3X,4.5 3X,5 3X,5.5 3X,6 3X"
66B809-01,12,"5B,5.5B,6B,6.5B,7B,7.5B,8B,8.5B,9B,9.5B,10B,11B"
88C095-01,23,"5M,5.5M,6M,6W,6.5M,6.5W,7M,7W,7.5M,7.5W,8M,8W,8.5M,9M,9W,9.5M,9.5W,10M,10W,10.5M,10.5W,11M"
66B860-01,14,"6M,6.5M,7M,7.5M,8M,8.5M,9M,9.5m,10M,10.5M,11M,11.5M,12M,12.5M,13M"
87GB174-04,6,"7.5M,8.5M,9M,9.5M,11M,13M,14M"
87GB174-04,6,"7.5M,8.5M,9M,9.5M,11M,13M,14M"
66B389-01,25,"CH/10M,CH/10.5M,CH/11M,CH/11.5M,CH/12M,CH/12.5M,CH/13M,CH/13.5M,CH/1M,CH/1.5M,5.5M,6M,6.5M,7M,7.5M,8M,8.5M,9M,9.5M,10M,10.5M,10.5M,11M,11.5M,12M"
67SDT710-01,8,"8.5M,9M,9.5M,10M,11M,11.5M,12M,12.5M"
45EF1165-66,2,"AD/SM/MED,AD/L/XL"
55S202-01,14,"8M,9W,10W,11M,11W,12M,12W,13W,14W,15W,15XW,16W,17W,18W"
55SBR24-01S,9,"5.5M,6M,6.5M,7M,7.5M,8M,8.5M,10M,11M"
55SBR30-01S,13,"5M,5.5M,6M,6.5M,7M,7.5M,8M,8.5M,9M,9.5M,10M,11M"
55SBR32-51S,9,"5.5M,6M,6.5M,7M,7.5M,8M,8.5M,9M,10M"
55SBR34-07S,7,"5,5M,6M,6.5M,7M,7.5M,8M,8.5M"
88S39-01,16,"5W,5.5W,6.5W,7M,7W,7.5M,7.5W,8M,9W,9.5M,9.5W,10W,10.5W,11.5W,12W,12.5W,13W"
67SDD70-01,19,"7.5M,8M,8W,8.5M,8.5W,9M,9W,9.5M,9.5W,10M,10W,10.5W,11W,11.5W,12W,13W,13.5W,14W,14.5W"
55SBR20-06,10,"6M,6.5M,7M,7.5M,8M,8.5M,9M,9.5M,10M,11M"
88CDS15-01,5,"5.5M,MEN'S 11.5M,MEN'S 13M,MEN'S 14M,MEN'S 15M"
88CDS15-01,5,"5.5M,MEN'S 11.5M,MEN'S 13M,MEN'S 14M,MEN'S 15M"
88CDS15-01,5,"5.5M,MEN'S 11.5M,MEN'S 13M,MEN'S 14M,MEN'S 15M"
88C65-01,5,"6.5M,7.5M,10M,10.5M,12M"
88CDS08-01,6,"6M,6.5M,7.5M,10.5M,13M,14M"
88CDS08-01,6,"6M,6.5M,7.5M,10.5M,13M,14M"
34R13-80S,7,"5M,6M,6.5M,7M,7.5M,8M,10M"
55SV931-19,3,"7M,11M,13M"
55SV931-19,3,"7M,11M,13M"
55SV931-19,3,"7M,11M,13M"
55SV931-19,3,"7M,11M,13M"
55SV931-19,3,"7M,11M,13M"
66B216--01,6,"3B,3C,3.5B,4C,5B,5C"
88SDM10-01,24,"CH/10M,CH/10.5M,CH/11M,CH/11.5M,CH/12M,CH/12.5M,CH/13M,CH/13.5M,CH/1M,CH/1.5M,2M,2.5M,4M,4.5M,5.5M,6M,6.5M,7M,7.5M,8M,8.5M,9M,9.5M,10M"
67SR01-01,17,"4M,4.5M,5M,6M,6.5M,7M,7.5M,8M,8.5M,9M,9.5M,10M,10.5M,11.5M,12M"
67SR01-01,17,"4M,4.5M,5M,6M,6.5M,7M,7.5M,8M,8.5M,9M,9.5M,10M,10.5M,11.5M,12M"
99ALB2-01,15,"4B,4.5B,5B,5.5B,6B,6.5B,7B,7.5B,8B,8.5B,9B,9.5B,10B,10.5B,11B"
95G5633-01,10,"6.5W,7W,7.5W,8W,8.5W,9W,10W,10.5W,11W,12W"
95G5633-01,10,"6.5W,7W,7.5W,8W,8.5W,9W,10W,10.5W,11W,12W"
95G6097-08,5,"9E,9.5E,10E,10.5E,11E"
95G6097-08,5,"9E,9.5E,10E,10.5E,11E"
67SDT815-01,13,"5M,5.5M,6M,6.5M,7M,7.5M,8M,8.5M,9M,9.5M,10M,10.5M,11M"
87GB155-UN,4,"8.5M,9.5M,10M,10.5M"
69D300-51,9,"6M,6.5M,7.5M,8M,8.5M,9M,9.5M,10M,10.5M,11M"
85DM2671-01,5,"7M,8M,9M,10M,11M"
88CDS24-01,22,"5M,5.5M,6M,6.5M,7M,7.5M,8M,8.5M,9M,9.5M,10M,10.5M,11M,11.5M,12M,12.5M,13.5M,14M"
88CDS24-01,22,"5M,5.5M,6M,6.5M,7M,7.5M,8M,8.5M,9M,9.5M,10M,10.5M,11M,11.5M,12M,12.5M,13.5M,14M"
88CDS24-01,22,"5M,5.5M,6M,6.5M,7M,7.5M,8M,8.5M,9M,9.5M,10M,10.5M,11M,11.5M,12M,12.5M,13.5M,14M"
49B807-01,3,"6M,8M,9M,10M"
67SDJ05-02,15,"6W,6.5W,7W,7.5W,8.5W,9W,9.5W,10W,10.5W,11W,11.5W,12W,12.5M,13M,13.5M"
67SDJ05-02,15,"6W,6.5W,7W,7.5W,8.5W,9W,9.5W,10W,10.5W,11W,11.5W,12W,12.5M,13M,13.5M"
67SDJ05-02,15,"6W,6.5W,7W,7.5W,8.5W,9W,9.5W,10W,10.5W,11W,11.5W,12W,12.5M,13M,13.5M"
67SDJ05-02,15,"6W,6.5W,7W,7.5W,8.5W,9W,9.5W,10W,10.5W,11W,11.5W,12W,12.5M,13M,13.5M"
78N1336-01S,8,"6.5M,7M,7.5M,8M,8.5M,9M,9.5M,10M"
78NSR-51S,7,"6M,6.5M,7M,7.5M,8M,8.5M,9M"
78N1338--01S,8,"6M,6.5M,7M,7.5M,8M,8.5M,9M,9.5M"
78N1146-87,9,"5.5M,6M,6,5M,7M,7.5M,8M,8.5M,9M,10M"
78NSC-07S,6,"6M,7M,7.5M,8M,8.5M,9M"
78NSN-51S,8,"5.5M,6M,6.5M,7M,7.5M,8M,8.5M,9M"
78NSS-01,5,"6.5M,7M,7.5M,8M,8.5M"
78NSS-51S,6,"6M,6.5M,7M,7.5M,8M,8.5M"
69D200-01,11,"4M,5M,5.5M,6M,7.5M,8M,8.5M,9.5M,10M,10.5M,11M"
99AL102-07,6,"6.5M,7M,7.5M,9M,9.5M,11M"
33V417-01,11,"7M,7.5M,8M,8.5M,9.5M,10M,10.5M,11M,11.5M,12M,13M"
11B293-01,10,"5.5M,6M,6.5M,7M,8M,8.5M,9M,9.5M,10M"
11B293-01,10,"5.5M,6M,6.5M,7M,8M,8.5M,9M,9.5M,10M"
11B293-01,10,"5.5M,6M,6.5M,7M,8M,8.5M,9M,9.5M,10M"
11B205A-51L,8,"6W,6.5W,7W,7.5W,8.5W,9W,9.5W,10W"
11B205A-51L,8,"6W,6.5W,7W,7.5W,8.5W,9W,9.5W,10W"
11B286-02,6,"6M,6.5M,7M,7.5M,8M,8.5M"
11B242-01,8,"6M,6.5M,7W,7.5M,8M,8.5M,9M,9.5M"
11B273-01,3,"6.5M,7M,8.5M"
11B169-51S,9,"5M,5.5M,6M,6.5M,7M,7.5M,8M,8.5M,9M"
11B2337-87,6,"7M,7.5M,8M,8.5M,9M,10M"
11B254-01S,4,"6.5M,7M,8M,8.5M"
11B223-16E,7,"6M,6.5M,7M,7.5M,8M,8.5M,9M"
11B2323-51S,6,"5.5M,6M,6.5M,7M,7.5M,8M"
11B238-51S,8,"4M,5M,5.5M,6M,6.5M,7M,8.5M,9M"
11B2332-01S,2,6M
66B379-01,16,"4M,4.5M,5M,6M,6.5M,6.5W,7M,7W,7.5M,7.5W,8M,8.5M,9M,9W,9.5W,10M"
66B404-03,14,"5M,5.5M,6M,6.5M,7M,7.5M,8M,8.5M,9M,9.5M,10M,10.5M,11M,11.5M"
66B404-03,14,"5M,5.5M,6M,6.5M,7M,7.5M,8M,8.5M,9M,9.5M,10M,10.5M,11M,11.5M"
66B404-03,14,"5M,5.5M,6M,6.5M,7M,7.5M,8M,8.5M,9M,9.5M,10M,10.5M,11M,11.5M"
66B404-03,14,"5M,5.5M,6M,6.5M,7M,7.5M,8M,8.5M,9M,9.5M,10M,10.5M,11M,11.5M"
99AL246-02,36,"3M,3W,3.5M,3.5W,4M,4W,4.5M,4.5W,5M,5W,5.5M,5.5W,6M,6W,6.5M,6.5W,7M,7W,7.5M,7.5W,8M,8W,8.5M,8.5W,9M,9W,9.5M,9.5W,10M,10W,10.5M,10.5W,11M,11W,11.5M,11.5W"
99AL246-03,32,"3M,3W,3.5M,3.5W,4M,4W,4.5M,4.5W,5M,5W,5.5W,6M,6W,6.5M,6.5W,7M,7W,7.5M,7.5W,8M,8W,8.5M,8.5W,9M,9W,9.5M,9.5W,10M,10W,10.5M,11M,11.5M"
44L20-09,25,"5M,5W,5.5M,5.5W,6M,6W,6.5M,6.5W,7M,7W,7.5M,7.5W,8M,8W,8.5M,8.5W,9M,9.5M,9.5W,10M,10W,10.5W,11M,11.5W,12.5W,13W,13.5W"
44L20-09,25,"5M,5W,5.5M,5.5W,6M,6W,6.5M,6.5W,7M,7W,7.5M,7.5W,8M,8W,8.5M,8.5W,9M,9.5M,9.5W,10M,10W,10.5W,11M,11.5W,12.5W,13W,13.5W"
45EFL2209-08,0,WO/ONE SIZE
11B2331-01S,5,"6M,6.5M,7M,8M,8.5M"
18APG-01,5,"5M,5.5M,6M,6.5M,7M"
18APNJ-01,8,"4M,4.5M,5M,5.5M,6M,6.5M,7M,7.5M"
18APSJ-01,36,"CH/9M,CH/9.5M,CH/10M,CH/10.5M,CH/11M,CH/11W,CH/11.5M,CH/11.5W,CH/12M,CH/12W,CH/12.5M,CH/12.5W,CH/13M,CH/13W,CH/13.5M,CH/13.5W,CH/1M,CH/1W,CH/1.5M,CH/1.5W,2M,2W,2.5W,3W,3.5M,3.5W,4W,5W,5.5W,6W,7W,7.5W,8W,8.5W"
49B2318-51S,4,"6.5M,7.5M,8M,9M"
62G420-01,7,"6.5M,7M,7.5M,8M,8.5M,9M,9.5M"
67SF12-04,9,"6.5M,7M,7.5M,8M,8.5M,9.5M,10M,10.5M,11M"
55SV931-66,7,"7M,10M,11M,12M,13M,14M,15M"
55SV931-66,7,"7M,10M,11M,12M,13M,14M,15M"
55SV931-66,7,"7M,10M,11M,12M,13M,14M,15M"
55SV931-66,7,"7M,10M,11M,12M,13M,14M,15M"
55SV931-66,7,"7M,10M,11M,12M,13M,14M,15M"
55ST92-01,11,"6M,8M,9M,10M,11M,12M,14M,15M,16M,17M,18M"
67SDJ15-01,9,"6.5M,7.5M,8M,8.5M,9M,9.5M,10M,10.5W,11.5M"
15A145-01,6,"10EEE,10.5EEE,11EEE,12EEE,13EEE,15EEE"
15A145-01,6,"10EEE,10.5EEE,11EEE,12EEE,13EEE,15EEE"
15A149-01,9,"8D,8.5D,9D,9.5D,10D,10.5D,11D,11.5D,12D"
15A149-01,9,"8D,8.5D,9D,9.5D,10D,10.5D,11D,11.5D,12D"
15A149-01,9,"8D,8.5D,9D,9.5D,10D,10.5D,11D,11.5D,12D"
11B416-01,7,"8W,8.5W,9W,9.5W,10W,10.5W,11W"
88C654-01,23,"4M,4.5M,5M,5.5W,6M,6W,6.5M,7M,7W,7.5M,7.5W,8M,8W,8.5M,8.5W,9M,9W,9.5M,9.5W,10M,10W,10.5M,10.5W,11M,11W"
11B315-01,10,"7M,7.5M,8M,8.5M,9M,9.5W,10W,10.5W,10W,11M"
11B311-01,11,"7.5W,8W,8.5W,9W,9.5W,10W,10.5W,11W,11.5W,12W,13W"
11B210-01,9,"6W,6.5W,7W,7.5W,8W,8.5W,9W,9.5W,10W"
11B210-01,9,"6W,6.5W,7W,7.5W,8W,8.5W,9W,9.5W,10W"
11B212-01,10,"5.5W,6W,6.5W,7W,7.5W,8W,8.5W,9W,9.5W,10W"
11B205-51S,6,"6.5M,7M,7.5M,8M,8.5M,9M"
11B205-44,7,"6.5M,7M,7.5M,8M,8.5M,9.5M,10M"
11B205-44,7,"6.5M,7M,7.5M,8M,8.5M,9.5M,10M"
11B2309-44G,6,"6.5M,7M,7.5M,8M,8.5M,9M"
11B210-51S,8,"5M,5.5M,6M,6.5M,7M,7.5M,8M,8.5M"
11B2331-01,6,"6M,6.5M,7M,7.5M,8M,8.5M"
45EF3316-06,3,AD/LG/XL
66B208-01,17,"2B,2.5B,2.5C,3C,3.5B,4B,4C,4.5B,5B,5C,5.5B,5.5C,6B,6C,6.5C,7.5B,7.5C,8B,8.5B,8.5C"
88CDS2-01,7,"5M,5.5M,6M,6.5M,10M,11M,11.5M"
88CDS2-01,7,"5M,5.5M,6M,6.5M,10M,11M,11.5M"
88CDS2-01,7,"5M,5.5M,6M,6.5M,10M,11M,11.5M"
15A158-01,3,"7M,8M,10M"
87GB660-01,7,"7.5W,8W,8.5W,9W,9.5W,10W,12W"
11B293-44,3,"7.5,8M,9M"
11B293-44,3,"7.5,8M,9M"
11B293-44,3,"7.5,8M,9M"
99AL964-01,21,"4B,4C,4.5B,4.5C,5B,5.5B,5.5C,6B,6C,6.5B,7C,7.5C,8B,8C,9.5B,10B,11B,11C,11.5B,11.5C"
99AL964-01,21,"4B,4C,4.5B,4.5C,5B,5.5B,5.5C,6B,6C,6.5B,7C,7.5C,8B,8C,9.5B,10B,11B,11C,11.5B,11.5C"
88CH07-51,3,"AD/SM,LG,XXL"
88CH07-51,3,"AD/SM,LG,XXL"
88CH07-51,3,"AD/SM,LG,XXL"
67SF12-01,22,"6.5M,6.5W,7M,7W,7.5M,7.5W,8M,8W,8.5M,8.5W,9M,9W,9.5M,9.5W,10M,10W,10.5M,10.5W,11W,12M"
66B313-01,7,"6.5M,7M,7.5M,8M,9M,9.5M,10M"
67SCK11-51,12,"5D,5.5D,6D,6.5D,7D,7.5D,8D,8.5D,9.5D,10D,10.5D,11D"
67S80-01,8,"6M,6.5M,7.5M,8M,8.5M,9M,9.5M,10M"
72M211-03,35,"3C,3.5B,3.5C,4B,4D,4.5B,4.5C,4.5D,4.5E,5B,5C,5D,5E,5.5B,5.5C,5.5D,5.5E,6B,6C,6D,6E,6.5B,6.5C,6.5D,6.5E,7B,7C,7D,7.5B,7.5C,7.5E,8B,8C,8.5B,8.5C"
99AL965-01,17,"5B,5.5B,6B,6.5C,7B,7.5C,8.5C,8.5C,9.5B,9.5C,10B,10.5B,10.5C,11B,11C,11.5B"
99AL965-01,17,"5B,5.5B,6B,6.5C,7B,7.5C,8.5C,8.5C,9.5B,9.5C,10B,10.5B,10.5C,11B,11C,11.5B"
66BAN-01,9,"5B,5.5B,6B,7.5B,9B,9.5B,10B,10.5B,11B"
66BAN-01,9,"5B,5.5B,6B,7.5B,9B,9.5B,10B,10.5B,11B"
88CDS1-01,12,"5M,5.5M,6M,7M,9M,10M,10.5M,11M,11.5M,12M,14M"
67SB14-03,27,"CH/7.5M,CH/8M,CH/8.5M,CH/9M,CH/9.5M,CH/10M,CH/10.5M,CH/11M,CH/11.5M,CH/13M,CH/13.5M,CH/1M,CH/1.5M,2M,2.5M,3M,3.5M,4M,4.5M,5M,5.5M,6.5M,7M,7.5M,8M,8.5M,9M,9.5M,10M"
45EHE09-01,0,
23RRD-03E,18,"36-2,36-3,36-4,36-5,37-2,37-3,37.5-2,37.5-3,37.5-4,37.5-5,38-3,38-4,39-2,39-3,40-2,40-3,40-4,40-5"
67SB14-01,22,"2M,2.5M,3M,3.5M,4M,4.5M,5M,5.5M,6M,7M,7.5M,8M,8.5M,9M,9.5M,9.5W,10M,10W,10.5M,10.5W,11M,11W"
67SDM02-01,12,"4.5M,5M,5.5M,6M,6.5M,7M,7.5M,8M,8.5M,9M,9.5M,10M"
67SC70-01,30,"5M,5.5M,6M,6.5M,6.5W,7M,7W,7.5M,7.5W,8M,8W,8.5M,8.5W,9M,9W,9.5M,9.5W,10M,10W,10.5W,11M,11W,11.5M,11.5W,12M,12W,12.5M,12.5W,13M,13W"
67SDJ05-01,13,"6W,6.5W,7W,7.5W,8.5W,9W,9.5W,10W,10.5W,11W,12W,12.5M,13.5M"
67SDJ05-01,13,"6W,6.5W,7W,7.5W,8.5W,9W,9.5W,10W,10.5W,11W,12W,12.5M,13.5M"
67SDJ05-01,13,"6W,6.5W,7W,7.5W,8.5W,9W,9.5W,10W,10.5W,11W,12W,12.5M,13.5M"
67SDJ05-01,13,"6W,6.5W,7W,7.5W,8.5W,9W,9.5W,10W,10.5W,11W,12W,12.5M,13.5M"
88C321-01,15,"5M,5.5M,6M,6.5M,7M,7.5M,8M,,8.5M,9M,9.5M,10M,10.5M,11.5M,12M,12.5M,13M"
88C321-01,15,"5M,5.5M,6M,6.5M,7M,7.5M,8M,,8.5M,9M,9.5M,10M,10.5M,11.5M,12M,12.5M,13M"
95G6097-01,10,"6.5E,7E,7.5E,8E,8.5E,9E,9.5E,10E,10.5E,11E,12E,13E"
95G6097-01,10,"6.5E,7E,7.5E,8E,8.5E,9E,9.5E,10E,10.5E,11E,12E,13E"
66B301-01,19,"CH/12M,CH/12.5M,CH/13M,1M,1.5M,5M,5.5M,6M,6.5M,7M,7.5M,8M,8.5M,9M,9.5M,10M,11M,11.5M,12M"
88C455-01,22,"5M,5.5M,5.5W,6M,6W,6.5M,7M,7W,7.5M,7.5W,8M,8W,8.5M,8.5W,9M,9W,9.5M,9.5W,10M,10.5M,10.5W,11M,11W"
88C321-51,8,"6M,6.5M,7M,7.5M,8M,8.5M,9M,9.5M,10M"
88C321-51,8,"6M,6.5M,7M,7.5M,8M,8.5M,9M,9.5M,10M"
88C55-01,44,"CH/12.5M,CH/13M,CH/13/5M,CH/1M,CH/1.5M,CH/2M,CH/2.5M,CH/3M,CH/3.5M,4M,4.5M,5M,5W,5.5M,5.5W,6M,6W,6.5N,6.5M,6.5W,7N,7M,7W,7.5N,7.5M,7.5W,8N,8W,8.5M,8.5N,8.5W,9N,9M,9.5N,9.5M,10N,10M,10W,10.5M,10.5W,11M,11W,11.5M,11.5W,12M,12W"
88C55-01,44,"CH/12.5M,CH/13M,CH/13/5M,CH/1M,CH/1.5M,CH/2M,CH/2.5M,CH/3M,CH/3.5M,4M,4.5M,5M,5W,5.5M,5.5W,6M,6W,6.5N,6.5M,6.5W,7N,7M,7W,7.5N,7.5M,7.5W,8N,8W,8.5M,8.5N,8.5W,9N,9M,9.5N,9.5M,10N,10M,10W,10.5M,10.5W,11M,11W,11.5M,11.5W,12M,12W"
88C2028-03,21,"5M,6M,6.5M,6.5W,7M,7W,7.5M,7.5W,8M,8W,8.5M,8.5W,9M,9W,9.5M,9.5W,10M,10.5M,10.5W,11M,11W"
67S71-01S,13,"6W,6.5W,7.5W,8W,9W,9.5W,10W,10.5W,11W,11.5W,12W,12.5W,13W"
67S71-01S,13,"6W,6.5W,7.5W,8W,9W,9.5W,10W,10.5W,11W,11.5W,12W,12.5W,13W"
88C650-01,22,"4.5M,5M,5.5M,6M,6.5M,6.5W,7M,7W,7.5M,7.5W,8M,8W,8.5M,8.5W,9M,9W,9.5M,9.5W,10M,10W,10.5M,10.5W,11M,11.5W"
88C08-01,16,"5W,5.5W,6W,6.5M,6.5W,7M,7W,7.5M,7.5W,8M,8W,8.5W,9W,9.5W,10W,10.5W"
88CDS11-01,22,"3M,3.5M,4M,5M,5.5M,6M,6.5M,7M,7.5M,8M,8.5M,9M,9.5M,10M,10.5M,11M,11.5M,12M,12.5M,13M,13.5M,14M"
88CDS11-01,22,"3M,3.5M,4M,5M,5.5M,6M,6.5M,7M,7.5M,8M,8.5M,9M,9.5M,10M,10.5M,11M,11.5M,12M,12.5M,13M,13.5M,14M"
88CDS11-01,22,"3M,3.5M,4M,5M,5.5M,6M,6.5M,7M,7.5M,8M,8.5M,9M,9.5M,10M,10.5M,11M,11.5M,12M,12.5M,13M,13.5M,14M"
88CBR02-01,26,"6M,6.5M,6.5W,7M,7W,7.5M,7.5W,8M,8W,8.5M,8.5W,9M,9W,9.5M,9.5W,10M,10W,10.5M,10.5W,11M,11W,11.5M,11.5W,12M,12W,12.5M,12.5W,13M,13.5M,13.5W,14M,14W"
88C380-01,15,"3M,3W,5.5W,7M,7W,7.5M,7.5W,8M,8W,8.5W,9M,9W,9.5M,9.5W,10W"
88C700-51,13,"5M,5.5M,6M,6.5M,6.5W,7M,7W,7.5W,8W,8.5W,9N,9M,9W,9.5M,9.5W,10M,10W"
66B410-03,9,"5.5M,6M,6.5M,7.5M,8M,8.5M,9M,9.5M,10M"
66B410-03,9,"5.5M,6M,6.5M,7.5M,8M,8.5M,9M,9.5M,10M"
66BAN-51,11,"5.5B,6B,6.5B,7B,7.5B,8B,8.5B,9B,10B,10.5B,11B"
66BAN-51,11,"5.5B,6B,6.5B,7B,7.5B,8B,8.5B,9B,10B,10.5B,11B"
88C55-51,30,"CH/2M,CH/2.5M,CH/3M,CH/3.5M,4M,4.5M,5M,5.5M,5.5W,6M,6.5M,6.5W,7M,7W,7.5M,7.5W,8M,8W,8.5M,8.5W,9M,9W,9.5M,9.5W,10M,10W,10.5M,10.5W,11W,12M"
88C55-51,30,"CH/2M,CH/2.5M,CH/3M,CH/3.5M,4M,4.5M,5M,5.5M,5.5W,6M,6.5M,6.5W,7M,7W,7.5M,7.5W,8M,8W,8.5M,8.5W,9M,9W,9.5M,9.5W,10M,10W,10.5M,10.5W,11W,12M"
66B208-03,50,"2B,2C,2D,2.5B,2.5C,2.5D,3B,3C,3.5A,3.5B,3.5C,3.5D,4A,4B,4C,4D,4.5A,4.5B,4.5C,4.5D,5B,5C,5D,5.5A,5.5B,5.5C,5.5D,6B,6C,6.5B,6.5C,6.5D,7B,7C,7D,7.5A,7.5B,7.5C,7.5D,8A,8B,8C"
66B921-03,6,"CH/1-3,CH/4-5,CH/6-8,CH/10-12"
66B920-03,12,"WOS. A,WOS. B,WOS. C,WOS. D,WOS E"
33V923-44,5,"6M,6.5M,7M,8M,8.5M"
88CSD01-01,14,"5W,5.5W,6W,6.5W,7W,7.5W,8W,8.5W,9W,9.5W,10.5W,11W,11.5W,12W"
67SCK11-01,21,"5C,5D,5.5C,5.5D,6C,6D,6.5C,6.5D,7C,7D,7.5C,7.5D,8C,8D,8.5D,9C,9D,9.5C,9.5D,10C,10.5D,11D"
55SBR35-51S,8,"5M,6M,6.5M,7M,7.5M,8M,8.5M,9M"
55SE-02,15,"4M,5M,6M,7M,8M,9M,10M,11M,12M,13M,14M,15M,16M,17M,19M,20M"
55SE-02,15,"4M,5M,6M,7M,8M,9M,10M,11M,12M,13M,14M,15M,16M,17M,19M,20M"
55SE-02,15,"4M,5M,6M,7M,8M,9M,10M,11M,12M,13M,14M,15M,16M,17M,19M,20M"
55SE-01,17,"3M,4M,5M,6M,7M,8M,9M,10M,11M,12M,13M,14M,15M,16M,17M,18M,19M,20M"
55SE-01,17,"3M,4M,5M,6M,7M,8M,9M,10M,11M,12M,13M,14M,15M,16M,17M,18M,19M,20M"
55SE-01,17,"3M,4M,5M,6M,7M,8M,9M,10M,11M,12M,13M,14M,15M,16M,17M,18M,19M,20M"
55JB3-01,11,"7M,8M,9M,10M,11M,12M,13M,14M,15M,16M,17M"
55JB3-01,11,"7M,8M,9M,10M,11M,12M,13M,14M,15M,16M,17M"
55JB3-01,11,"7M,8M,9M,10M,11M,12M,13M,14M,15M,16M,17M"
55JS33-01,15,"6M,7M,8M,9M,10M,11M,12M,13M,14M,15M,16M,17M,18M,19M,20M"
55JS33-01,15,"6M,7M,8M,9M,10M,11M,12M,13M,14M,15M,16M,17M,18M,19M,20M"
55JS33-01,15,"6M,7M,8M,9M,10M,11M,12M,13M,14M,15M,16M,17M,18M,19M,20M"
55S30-01,14,"5M,6M,7M,8M,9M,10M,11M,12M,13M,14M,15M,16M,17M,18M"
55SF33-25,9,"6M,7M,8M,9M,10M,11M,12M,13M,14M"
55SF33-25,9,"6M,7M,8M,9M,10M,11M,12M,13M,14M"
55SF33-25,9,"6M,7M,8M,9M,10M,11M,12M,13M,14M"
55SV931-04,12,"7M,8M,9M,10M,11M,12M,13M,14M,15M,16M,18M,19M,20M,"
55SV931-04,12,"7M,8M,9M,10M,11M,12M,13M,14M,15M,16M,18M,19M,20M,"
55SV931-04,12,"7M,8M,9M,10M,11M,12M,13M,14M,15M,16M,18M,19M,20M,"
55SV931-04,12,"7M,8M,9M,10M,11M,12M,13M,14M,15M,16M,18M,19M,20M,"
55SV931-04,12,"7M,8M,9M,10M,11M,12M,13M,14M,15M,16M,18M,19M,20M,"
62G723-51,11,"5M,5.5M,6M,6.5M,7M,7.5M,8M,8.5M,9M,9.5M,10M"
33V888-01,10,"6C,6.5C,7C,7.5C,8C,8.5C,9C,9.5C,10C,11C"
33V888-01,10,"6C,6.5C,7C,7.5C,8C,8.5C,9C,9.5C,10C,11C"
33V259-CO,11,"5M,5.5M,6M,6.5M,7M,7.5M,8M,8.5M,9M,9.5M,10M"
33V100-51,6,"6M,6.5M,7M,7.5M,8M,8.5M"
33V9282-07S,8,"5.5M,6M,6.5M,7M,7.5M,8M,8.5M,9M"
33V923-51S,9,"6M,6.5M,7M,7.5M,8M,8.5M,9M,9.5M,10M"
33V923-01S,8,"6M,6.5M,7M,7.5M,8M,8.5M,9M,9.5M"
33V910-51S,8,"5.5M,6.5M,7M,7.5M,8.5M,9M,9.5M,10M"
33V100-04,6,"5.5M,6.5M,7M,7.5M,8M,8.5M"
33V913-51,11,"5M,5.5M,6M,6.5M,7M,7.5M,8M,8.5M,9M,9.5M,10M"
33VP20-01,7,"7M,7.5M,8M,8.5M,9M,9.5M,10M"
33VP30-01,13,"7M,7.5M,8M,8.5M,9M,9.5M,10M,10.5M,11M,11.5M,12M,12.5M,13M"
33V921-CO,11,"5M,5.5M,6M,6.5M,7M,7.5M,8M,8.5M,9M,9.5M,10M"
88C08-CO,9,"5W,6W,6.5W,8W,8.5W,9W,9.5W,10W,10.5W"
15A176-09,3,"6M,7M,9.5M"
44L075-03,13,"5.5M,6W,6.5M,6.5W,7W,7.5W,8.5M,9M,9.5W,10W,10.5M,10.5W,11M"
67SB50-01,10,"9.5W,10W,11M,11.5M,11.5W,12M,12W,12.5M,13M,13W"
67S94-01S,5,"6M,6.5M,9M,9.5M,10M"
78N1322-01S,6,"7M,7.5M,8M,8.5M,9M,9.5M"
44L998-01,9,"6M,6.5M,9M,9.5M,11.5M,12M,13M,13.5M,14M"
44L998-01,9,"6M,6.5M,9M,9.5M,11.5M,12M,13M,13.5M,14M"
44L998-01,9,"6M,6.5M,9M,9.5M,11.5M,12M,13M,13.5M,14M"
44L998-01,9,"6M,6.5M,9M,9.5M,11.5M,12M,13M,13.5M,14M"
67SR02-01,15,"4M,4.5M,5M,5.5M,6M,6.5M,7M,7.5M,8M,8.5M,9M,9.5M,10M,10.5M,12M"
67SR02-01,15,"4M,4.5M,5M,5.5M,6M,6.5M,7M,7.5M,8M,8.5M,9M,9.5M,10M,10.5M,12M"
66B251-03,27,"2B,2C,2.5B,2.5C,3B,3C,3.5B,3.5C,4B,4.5B,4.5C,5B,5C,5.5B,5.5C,6B,6C,6.5B,6.5C,7B,7C,7.5B,7.5C,8B,8C,8.5B,8.5C"
88CBR01-01,22,"6M,6W,6.5M,6.5W,7W,7.5M,8M,8.5M,9M,9W,9.5M,9.5W,10M,10.5W,11M,11W,11.5M,11.5W,12M,12W,12.5M,14M"
88CBR02-01P,16,"7.5M,7.5W,8M,8W,8.5M,8.5W,9M,9W,9.5M,9.5W,10M,10W,10.5M,10.5W,11.5M,12M"
66B804-01,6,"6M,6.5M,8M,8.5M,9M,9.5M"
66B306-51,12,"5M,5.5M,6.5M,7M,8M,8.5M,9M,9.5M,10M,10.5M,11M,12M"
95G5631-01,7,"6.5W,7W,7.5W,8.5W,9W,10W,11W"
95G5631-01,7,"6.5W,7W,7.5W,8.5W,9W,10W,11W"
67S39-07,9,"5.5M,6.5M,7M,7W,7.5M,7.5W,8M,9M,9.5M"
88C656-01,7,"6M,6.5M,7M,7.5M,8M,8.5M,9M,9.5M"
99AL246-01,35,"3M,3W,3.5M,3.5W,4M,4W,4.5M,4.5W,5M,5W,5.5M,5.5W,6M,6W,6.5M,6.5W,7M,7W,7.5M,7.5W,8M,8W,8.5M,8.5W,9M,9W,9.5M,9.5W,10W,10.5M,10.5W,11M,11W,11.5M,11.5W"
88C176-03,8,"2.5C,3C,3.5C,3.5E,4C,8D,8.5D,9D"
55SP31-01,8,"7M,8M,9M,10M,11M,12M,14M,15M,17M"
55SP31-01,8,"7M,8M,9M,10M,11M,12M,14M,15M,17M"
55SP31-01,8,"7M,8M,9M,10M,11M,12M,14M,15M,17M"
11B266-60,10,"5M,6M,6.5M,7M,7.5M,8M,8.5M,9M,9.5M,10M"
956097-02,5,"8.5E,9.5E,10E,10.5E,11E"
956097-02,5,"8.5E,9.5E,10E,10.5E,11E"
95G5629-01,9,"6.5W,7W,7.5W,8W,8.5W,9W,10W,10.5W,13W"
95G5629-01,9,"6.5W,7W,7.5W,8W,8.5W,9W,10W,10.5W,13W"
66BC-01,10,"5M,5.5M,6.5M,7M,7.5M,8M,9M,9.5M,10.5M,11M"
88C450-01,1,6W
11B311-02,3,"8.5W,9W,10W"
67SC02-51,24,"5M,5.5M,6M,6W,6.5W,7M,7W,8M,8.5M,8.5W,9M,9W,9.5M,10M,10W,10.5M,10.5W,11M,11W,11.5M,11.5W,12M,12W,12.5M,12.5W,13M,13W"
67SC02-51,24,"5M,5.5M,6M,6W,6.5W,7M,7W,8M,8.5M,8.5W,9M,9W,9.5M,10M,10W,10.5M,10.5W,11M,11W,11.5M,11.5W,12M,12W,12.5M,12.5W,13M,13W"
99ALB2-51,7,"6B,6.5B,7B,8B,9B,9.5B,10B"
55SF33-01,13,"6M,7M,8M,9M,10M,11M,12M,13M,14M,15M,16M,17M,18M"
55SF33-01,13,"6M,7M,8M,9M,10M,11M,12M,13M,14M,15M,16M,17M,18M"
55SF33-01,13,"6M,7M,8M,9M,10M,11M,12M,13M,14M,15M,16M,17M,18M"
88C551-01,31,"5M,5W,5.5M,5.5W,6W,6.5M,6.5N,7M,7W,7.5N,7.5M,7.5W,8N,8M,8W,8.5N,8.5M,9N,9M,9W,9.5N,9.5M,9,5W,10N,10M,10W,10.5M,10.5W,11M,11W"
88C551-01,31,"5M,5W,5.5M,5.5W,6W,6.5M,6.5N,7M,7W,7.5N,7.5M,7.5W,8N,8M,8W,8.5N,8.5M,9N,9M,9W,9.5N,9.5M,9,5W,10N,10M,10W,10.5M,10.5W,11M,11W"
88CDS03-01,22,"3M,4M,4.5M,5M,5.5M,6M,6.5M,7M,7.5M,8M,8.5M,9M,9.5M,10.5M,11M,11.5M,12M,12.5M,13M,14M"
88CDS03-01,22,"3M,4M,4.5M,5M,5.5M,6M,6.5M,7M,7.5M,8M,8.5M,9M,9.5M,10.5M,11M,11.5M,12M,12.5M,13M,14M"
88CDS03-01,22,"3M,4M,4.5M,5M,5.5M,6M,6.5M,7M,7.5M,8M,8.5M,9M,9.5M,10.5M,11M,11.5M,12M,12.5M,13M,14M"
67SDD60-01,24,"5.5M,6M,6.5M,7M,7.5M,8W,8.5M,8.5W,9M,9W,9.5M,9.5W,10M,10W,10.5M,10.5W,11M,11W,11.5W,12W,12.5W,13W,13.5W,14W,14.5W"
67SDD60-01,24,"5.5M,6M,6.5M,7M,7.5M,8W,8.5M,8.5W,9M,9W,9.5M,9.5W,10M,10W,10.5M,10.5W,11M,11W,11.5W,12W,12.5W,13W,13.5W,14W,14.5W"
67SDD60-01,24,"5.5M,6M,6.5M,7M,7.5M,8W,8.5M,8.5W,9M,9W,9.5M,9.5W,10M,10W,10.5M,10.5W,11M,11W,11.5W,12W,12.5W,13W,13.5W,14W,14.5W"
18APUF-01,10,"4W,5M,5W,5.5W,6M,6W,6.5M,7M,7W,7.5M,7.5W"
11B205-51L,7,"5M,5.5M,6M,7M,7.5M,8.5M,9M"
67SC02-01,38,"4M,4.5M,5M,5.5M,5.5W,6M,6W,6.5M,6.5W,7M,7W,7.5M,7.5W,8M,8W,8.5W,9M,9W,9.5M,9.5W,10M,10W,10.5M,10.5W,11M,11W,11.5M,11.5W,12M,12W,12.5M,12.5W,13M,13W"
67SC02-01,38,"4M,4.5M,5M,5.5M,5.5W,6M,6W,6.5M,6.5W,7M,7W,7.5M,7.5W,8M,8W,8.5W,9M,9W,9.5M,9.5W,10M,10W,10.5M,10.5W,11M,11W,11.5M,11.5W,12M,12W,12.5M,12.5W,13M,13W"
66B203L-03,65,"CH/10C,CH/10D,CH/10.5B,CH/10.5C,CH/10.5D,CH/11B,CH/11C,CH/11D,CH/11.5B,CH/11.5C,CH/11.5D,CH/12B,CH/12C,CH/12.5B,CH/12.5C,CH/12.5D,CH/13B,CH/13C,CH/13D,13.5B,CH/13.5C,CH/13.5D,CH/1C,CH/1D,CH/1.5C,CH/1.5D,2B,2C,2.5B,2.5C,3B,3D,3.5B,3.5C,3.5D,4B,4C,4D,4.5B,4.5C,4.5D,5B,5C,5D,5.5B,5.5C,5.5D,6B,6C,6D,6.5B,6.5C,6.5D,7B,7C,7D,7.5B,7.5C,7.5D,8B,8C,8D,8.5B,8.5C,8.5D"
66B377-51,6,"6M,6.5M,7M,8.5M,9M,9.5M,10M"
66BKM-01,14,"WO/7M,WO/7.5M,WO/8M,WO/8.5M,WO/9M,WO/9.5M,WO/10.5M,WO/11M,MEN/10.5M,MEN/11M,MEN/11.5M,MEN/12.5M,MEN/13M"
66BKM-01,14,"WO/7M,WO/7.5M,WO/8M,WO/8.5M,WO/9M,WO/9.5M,WO/10.5M,WO/11M,MEN/10.5M,MEN/11M,MEN/11.5M,MEN/12.5M,MEN/13M"
66BKM-01,14,"WO/7M,WO/7.5M,WO/8M,WO/8.5M,WO/9M,WO/9.5M,WO/10.5M,WO/11M,MEN/10.5M,MEN/11M,MEN/11.5M,MEN/12.5M,MEN/13M"
66BC-51,6,"8M,8.5M,9M,9.5M,10M,10.5M"
67S35-01S,15,"5W,6W,6.5W,7W,7.5W,8W,8.5W,9W,9.5W,10W,11W,11.5W,12W,12.5W,13W"
87GB805-01,20,"6.5M,6.5W,7M,7W,7.5M,7.5W,8M,8W,8.5M,8.5W,9M,9.5M,10M,10W,10.5W,11W,12M,12W,13M,14M"
87GB805-01,20,"6.5M,6.5W,7M,7W,7.5M,7.5W,8M,8W,8.5M,8.5W,9M,9.5M,10M,10W,10.5W,11W,12M,12W,13M,14M"
55SJS1-51,14,"6M,7M,8M,9M,10M,11M,12M,13M,14M,15M,16M,17M,18M,20M"
55SJS1-51,14,"6M,7M,8M,9M,10M,11M,12M,13M,14M,15M,16M,17M,18M,20M"
55SJS1-51,14,"6M,7M,8M,9M,10M,11M,12M,13M,14M,15M,16M,17M,18M,20M"
55SSE-01,7,"6M,7M,8M,9M,10M,11M,12M,13M"
66B514-01,14,"6.5M,7M,7.5M,8M,8.5M,9M,9.5M,10M,10.5M,11M,11.5M,12.5M,13M"
66B514-01,14,"6.5M,7M,7.5M,8M,8.5M,9M,9.5M,10M,10.5M,11M,11.5M,12.5M,13M"
66B514-01,14,"6.5M,7M,7.5M,8M,8.5M,9M,9.5M,10M,10.5M,11M,11.5M,12.5M,13M"
88CDS10-01,19,"3M,4M,4.5M,5M,5.5M,6.5M,7M,7.5M,8M,8.5M,9M,9.5M,10M,10.5M,11.5M,12.5M,13M,13.5M,14M"
88CDS10-01,19,"3M,4M,4.5M,5M,5.5M,6.5M,7M,7.5M,8M,8.5M,9M,9.5M,10M,10.5M,11.5M,12.5M,13M,13.5M,14M"
88CDS10-01,19,"3M,4M,4.5M,5M,5.5M,6.5M,7M,7.5M,8M,8.5M,9M,9.5M,10M,10.5M,11.5M,12.5M,13M,13.5M,14M"
88CDS10-01,19,"3M,4M,4.5M,5M,5.5M,6.5M,7M,7.5M,8M,8.5M,9M,9.5M,10M,10.5M,11.5M,12.5M,13M,13.5M,14M"
66B410-01,13,"5M,5.5M,6M,6.5M,7M,7.5M,8M,8.5M,9M,9.5M,10M,11M,11.5M"
66B410-01,13,"5M,5.5M,6M,6.5M,7M,7.5M,8M,8.5M,9M,9.5M,10M,11M,11.5M"
55SJ45-01,9,"6M,9M,10M,12M,13M,14M,15M,16M,17M"
55SJ45-01,9,"6M,9M,10M,12M,13M,14M,15M,16M,17M"
55SJ45-01,9,"6M,9M,10M,12M,13M,14M,15M,16M,17M"
55S202-03E,12,"5M,6M,6W,7M,7W,8W,9W,10M,10W,12M,12W,14M,14W"
45EF2202-51,1,AD/SM/MED
66B216-03,2,"3B,3.5C"
78N1101-01G,5,"6M,6.5M,7M,8M,9M"
55SBR16-01S,11,"5M,5.5M,6M,6.5M,7M,7.5M,8M,8.5M,9.5M,10M"
55SD-01,13,"6M,7M,8M,9M,10M,11M,12M,13M,15M,17M,18M,20M"
55SD-01,13,"6M,7M,8M,9M,10M,11M,12M,13M,15M,17M,18M,20M"
55SD-01,13,"6M,7M,8M,9M,10M,11M,12M,13M,15M,17M,18M,20M"
88C658-01,19,"5.5M,6M,6.5M,6.5W,7M,7W,7.5M,7.5W,8M,8W,8.5M,9M,9W,9.5M,9.5W,10M,10W,10.5M,10.5W,11M,11W"
66BF-01,22,"CH/10M,CH/10.5M,CH/11.5M,CH/12M,CH/12.5M,CH/13M,CH/13.5M,CH/1M,CH/1.5M,5M,5.5M,6M,6.5M,8M,8.5M,9M,9.5M,10M,10.5M,11M,11.5M,12M"
66BF-01,22,"CH/10M,CH/10.5M,CH/11.5M,CH/12M,CH/12.5M,CH/13M,CH/13.5M,CH/1M,CH/1.5M,5M,5.5M,6M,6.5M,8M,8.5M,9M,9.5M,10M,10.5M,11M,11.5M,12M"
66BF-01,22,"CH/10M,CH/10.5M,CH/11.5M,CH/12M,CH/12.5M,CH/13M,CH/13.5M,CH/1M,CH/1.5M,5M,5.5M,6M,6.5M,8M,8.5M,9M,9.5M,10M,10.5M,11M,11.5M,12M"
66BF-01,22,"CH/10M,CH/10.5M,CH/11.5M,CH/12M,CH/12.5M,CH/13M,CH/13.5M,CH/1M,CH/1.5M,5M,5.5M,6M,6.5M,8M,8.5M,9M,9.5M,10M,10.5M,11M,11.5M,12M"
66B480-01,25,"5M,5.5M,6M,6.5M,7M,8M,8.5M,9M,9.5M,10.5M,11M,11.5M,MEN/6.5M,MEN/7M,MEN/7.5M,MEN/8M,MEN/8.5,MEN/9M,MEN/10M,MEN/10.5M,MEN/11M,MEN/11.5M,MEN/12M,MEN/12.5M,MEN/13M"
15A205-09,2,"7.5M,11M"
84ARKAD-01,5,"6.5M,7M,8.5M,9M,10M"
88CZ11-01,5,"AD/PET = WO. 4-5,AD/SM = WO. 6-7,AD/LG = WOS. 10-11,AD/XL = WOS. 12-13,AD/XXL = WOS. 14-15"
88CZ11-01,5,"AD/PET = WO. 4-5,AD/SM = WO. 6-7,AD/LG = WOS. 10-11,AD/XL = WOS. 12-13,AD/XXL = WOS. 14-15"
88CZ11-01,5,"AD/PET = WO. 4-5,AD/SM = WO. 6-7,AD/LG = WOS. 10-11,AD/XL = WOS. 12-13,AD/XXL = WOS. 14-15"
88CZ11-01,5,"AD/PET = WO. 4-5,AD/SM = WO. 6-7,AD/LG = WOS. 10-11,AD/XL = WOS. 12-13,AD/XXL = WOS. 14-15"
88CZ11-01,5,"AD/PET = WO. 4-5,AD/SM = WO. 6-7,AD/LG = WOS. 10-11,AD/XL = WOS. 12-13,AD/XXL = WOS. 14-15"
88C700-01,14,"5M,5.5M,6.5M,6.5W,7M,7W,7.5W,8M,8.5M,8.5W,9M,9W,9.5W,10M"
11B293-51,7,"5.5M,6.5M,7M,7.5M,8.5M,9M,10M"
11B293-51,7,"5.5M,6.5M,7M,7.5M,8.5M,9M,10M"
11B293-51,7,"5.5M,6.5M,7M,7.5M,8.5M,9M,10M"
66B213-01,24,"3B,3C,3.5B,3.5C,4B,4C,4.5B,4.5C,5B,5C,5.5B,5.5C,6B,6C,6.5B,6.5C,7B,7C,7.5B,7.5C,8B,8C,8.5B,8.5C"
66B538-01,24,"4,5M,5.5M,6M,6.5M,7M,7.5M,8M,8.5M,9M,9.5M,10M,10.5M,11M,11.5M,12M,12.5M,13M,13.5M,14M,14.5M,15M,15.5M,16M"
66B377-01,24,"5M,5.5M,6M,6.5M,7M,7W,7.5M,7.5W,8M,8W,8.5M,9M,9.5M,9.5W,10M,10W,10.5M,10.5W,11M,11W,11.5M,11.5W,12M,12W"
66B205-02,76,"CH/8.5B,CH/8.5C,CH/8.5D,CH/9B,CH/9C,CH/9D,CH/9.5B,CH/9.5C,CH/9.5D,CH/10C,CH/10D,CH/10.5B,CH/10.5C,CH/10.5D,CH/11B,CH/11C,CH/11D,CH/11.5B,CH/11.5C,CH/11.5D,CH/12B,CH/12C,CH/12D,CH/12.5B,CH/12.5C,CH/12.5D,CH/13B,CH/13C,CH/13D,CH/13.5B,CH/13.5C,CH/13.5D,1B,1C,1D,1.5B,1.5C,1.5D,2B,2C,2.5B,2.5C,3B,3C,3.5B,3.5C,4B,4C,4D,4.5B,4.5D,5B,5C,5D,5.5B,5.5C,5.5D,6B,6C,6D,6.5B,6.5C,6.5D,7B,7C,7.5B,7.5C,8B,8C,8.5B,8.5C"
66B205-01,75,"CH/8.5B,CH/8.5C,CH/8.5D,CH/9B,CH/9C,CH/9D,CH/9.5B,CH/9.5C,CH/9.5D,CH/10B,CH/10C,CH/10D,CH/10.5B,CH/10.5C,CH/10.5D,CH/11B,CH/11C,CH/11D,CH/11.5B,CH/11.5C,CH/11.5D,CH/12B,CH/12CCH/12D,CH/12.5B,CH/12.5C,CH/12.5D,CH/13C,CH/13D,CH/13.5B,CH/13.5C,CH/13.5D,1B,1C,1D,1.5B,1.5C,1.5D,2B,2C,2D,2.5B,2.5C,2.5D,3B,3C,3D,3.5B,3.5C,3.5D,4B,4C,4.5B,4.5C,4.5D,5B,5C,5D,5.5B,5.5C,5.5D,6B,6C,6D,6.5B,6.5C,6D,7B,7D,7.5B,7.5C,7.5D,8B,8C,8D,8.5B,8.5C,8.5D"
66B258-03,65,"CH/10B,CH/10C,CH/10.5B,CH/11B,CH/11C,CH/11.5B,CH/11.5C,CH/12B,CH/12C,CH/12.5B,CH/12.5C,CH/13B,CH/13C,CH/13.5B,CH/13.5C,CH/1B,1CH/1C,CH/1.5B,CH/1.5C,2B,2C,2.5A,2.5B,2.5C,3A,3B,3C,3.5A,3.5B,3.5C,3.5D,4A,4B,4C,4D,4.5A,4.5B,4.5C,4.5D,5A,5B,5C,5D,5.5A,5.5B,5.5C,5.5D,6A,6B,6C,6D,6.5A,6.5B,6.5C,6.5D,7A,7B,7C,7D,7.5A,7.5B,7.5C,8B,8C,8.5B,8.5C"
66B621--01,30,"3.5B,3.5C,3.5D,4C,4D,4.5B,4.5C,4.5D,5B,5C,5.5C,5.5D,6B,6c,6D,6.5B,6.5C,6.5D,7B,7C,7D,7.5B,7.5C,7.5D,8C,8D,8.5B,8.5C,8.5D"
11B2310-01,6,"7W,7.5W,8.5W,9W,9.5W,10W"
11B2310-01,6,"7W,7.5W,8.5W,9W,9.5W,10W"
11B2339-51S,6,"5.5M,6M,6.5M,7M,7.5M,8.5M"
66B805-01,9,"5.5B,6B,7B,8B,8.5B,9.5B,10B,10.5B,11B"
55JS1-01,12,"5M,6M,7M,8M,9M,10M,11M,12M,13M,14M,16M,17M,18M,19M,20M"
55JS1-01,12,"5M,6M,7M,8M,9M,10M,11M,12M,13M,14M,16M,17M,18M,19M,20M"
55JS1-01,12,"5M,6M,7M,8M,9M,10M,11M,12M,13M,14M,16M,17M,18M,19M,20M"
66B210-03,36,"2B,2C,2.5B,2.5D,3B,3C,3D,3.5B,3.5C,3.5D,4B,4C,4D,4.5B,4.5C,4.5D,5B,5C,5D,5.5B,5.5C,5.5D,6B,6C,6D,6.5B,6.5D,7B,7C,7D,7.5C,7.5D,7B,8B,8D,8.5D"
66B205-03,104,"TOD/6B,TOD/6C,TOD/6.5B,TOD/6.5C,CH/7B,CH/7C,CH/7.5B,CH/7.5C,CH/7.5D,CH/8A,CH/8B,CH/8C,CH/8D,CH/8.5A,CH/8.5B,CH/8.5C,CH/8.5D,CH/9A,CH/9B,CH/9C,CH/9.5A,CH/9.5B,CH/9.5C,CH/9.5D,CH/10A,CH/10B,CH/10C,CH/10D,CH/10.5A,CH/10.5B,CH/10.5C,CH/10.5D,CH/11A,CH/11B,CH/11.5A,CH/11.5B,CH/11.5C,CH/11.5D,CH/12A,CH/12B,CH/12C,CH/12.5A,CH/12.5B,CH/12.5C,CH/12.5D,CH/13A,CH/13B,CH/13C,CH/13D,CH/13.5A,CH/13.5B,CH/13.5C,CH/13.5D,1A,1B,1C,1D,1.5A,1.5B,1.5C,1.5D,2B,2C,2D,2.5B,2.5C,2.5D,3B,3C,3D,3.5A,3.5B,3.5C,3.5D,4A,4B,4C,4D,4.5A,4.5B,4.5C,4.5D5A,,5B,5C,5D,5.5A,5.5B,5.5C,5.5D,6A,6B,6C,6D,6.5A,6.5B,6.5C,6.5D,7A,7B,7C,7D,7.5B,7.5C,7.5D,8A,8B,8C,8D,8.5A,8.5B"
62G7201-51,8,"5.5M,6M,6.5M,7M,7.5M,9M,9.5M,10M"
85DM227-01,6,"7M,8M,9M,10M,11M"
88C380C-01,12,"CH/11M,CH/11W,CH/11.5M,CH/11.5W,CH/12M,CH/12W,CH/13.5W,CH/1W,CH/1.5M,CH/2W,CH/2.5M,CH/2.5W"
88C380C-01,12,"CH/11M,CH/11W,CH/11.5M,CH/11.5W,CH/12M,CH/12W,CH/13.5W,CH/1W,CH/1.5M,CH/2W,CH/2.5M,CH/2.5W"
55ST01-01,7,"6M,7M,8M,9M,10M,11M,12M"
55ST01-01,7,"6M,7M,8M,9M,10M,11M,12M"
66B621--03,42,"CH/13B,CH/13C,CH/13.5B,CH/1B,CH/1C,CH1.5B,CH/1.5C,2B,2C,2.5B,2.5C,3B,3C,3D,3.5B,3.5C,3.5D,4B,4C,4D,4.5B,4.5C,4.5D,5B,5C,5D,5.5B,5.5C,6B,6C,6.5B,6.5D,7B,7C,7D,7.5B,7.5D,8B,8C,8D,8.5B,8.5C,8.5D"
55SV931-01,14,"3M,4M,5M,7M,8M,9M,11M,12M,13M,15M,16M,17M,18M,19M"
55SV931-01,14,"3M,4M,5M,7M,8M,9M,11M,12M,13M,15M,16M,17M,18M,19M"
55SV931-01,14,"3M,4M,5M,7M,8M,9M,11M,12M,13M,15M,16M,17M,18M,19M"
55SV931-01,14,"3M,4M,5M,7M,8M,9M,11M,12M,13M,15M,16M,17M,18M,19M"
55SV931-01,14,"3M,4M,5M,7M,8M,9M,11M,12M,13M,15M,16M,17M,18M,19M"
88C2035-03,15,"8M,8W,9M,9W,10M,10W,11M,11W,12M,12W,13M,13W,1M,1W,2M,2W"
44L10-01,7,"7M,9M,9W,9.5M,9.5W,10M,11.5M,12M"
44L10-01,7,"7M,9M,9W,9.5M,9.5W,10M,11.5M,12M"
44L10-01,7,"7M,9M,9W,9.5M,9.5W,10M,11.5M,12M"
44L10-01,7,"7M,9M,9W,9.5M,9.5W,10M,11.5M,12M"
66B386-01,8,"6M,6.5M,7.5M,8M,8.5M,9M,9.5M,10M"
55S36-01,14,"5M,6M,7M,8M,9M,11M,12M,13M,14M,15M,17M,18M,19M,20M"
55S36-01,14,"5M,6M,7M,8M,9M,11M,12M,13M,14M,15M,17M,18M,19M,20M"
55S36-01,14,"5M,6M,7M,8M,9M,11M,12M,13M,14M,15M,17M,18M,19M,20M"
55S36-01,14,"5M,6M,7M,8M,9M,11M,12M,13M,14M,15M,17M,18M,19M,20M"
66B277--03,48,"CH/12.5B,CH/12.5C,CH/13B,CH/13C,CH13.5B,CH/13.5C,CH/1B,CH/1C,CH/1.5B,CH/1.5C,2B,2C,2.5B,2.5C,3B,3C,3.5B,3.5C,4B,4C,4D,4.5A,4.5B,4.5C,4.5D,5B,5C,5D,5.5A,5.5B,5.5C,5.5D,6A,6B,6C,6D,6.5A,6.5B,6.5C,7B,7C,7D,7.5B,7.5C,7.5D,8B,8C,8.5B,8.5C"
88CMA-01,18,"5M,5.5W,6M,6W,6.5W,7M,7W,7.5M,7.5W,8M,8W,8.5W,9M,9W,9.5M,9.5W,10M,10W,10.5M,11M"
88CP02-01,2,"7.5M,10W"
88CP02-01,2,"7.5M,10W"
23RPO-03E,14,"36-4,37-2,37-3,37-4,37.5-3,37.5-4,38-2,38-3,38-4,39-2,40-3,40-4,40-5,41-3,"
55SV931-25,6,"7M,8M,9M,10M,11M,12M"
55SV931-25,6,"7M,8M,9M,10M,11M,12M"
55SV931-25,6,"7M,8M,9M,10M,11M,12M"
55SV931-25,6,"7M,8M,9M,10M,11M,12M"
55SV931-25,6,"7M,8M,9M,10M,11M,12M"
36TAMI-01,5,"6.5M,7M,8M,8.5M,9M"
99AL180-01,15,"6M,6.5M,7M,7.5M,8M,8.5M,9M,9.5M,10M,10.5M,11M,11.5M,12M,12.5M"
66B200-03,39,"2B,2C,2.5B,2.5C,3B,3C,3D,3.5B,3.5C,3.5D,4B,4C,4D,4.5B,4.5C,4.5D,5B,5C,5D,5.5B,5.5C,5.5D,B,6C,6.5B,6.5D,7B,7C,7D,7.5B,7.5C,7.5D,8B,8C,8D,8.5B,8.5C"
33V923-51,9,"5.5M,6M,6.5M,7M,8M,8.5M,9M,9.5M,10M"
66B225-03,71,"TOD/5B,TOD/5C,TOD/5.5B,TOD/5.5C,TOD/6B,TOD/6C,TOD/6.5B,TOD/6.5C,TOD/7B,TOD/7C,TOD/7.5B,TOD/7.5C,CH/8A,CH/8B,CH/8C,CH/8D,CH/8.5A,CH/8.5B,CH/8.5C,CH/8.5D,CH/9A,CH/9B,CH/9C,CH/9D,CH/9.5B,CH/9.5C,CH/9.5D,CH/10A,CH/10B,CH/10C,CH/10.5A,CH/10.5B,CH/10.5D,CH/11A,CH/11B,CH/11C,CH/11D,CH/11.5A,CH/11.5B,CH/11.5C,CH/12A,CH/12B,CH/12C,CH/12D,CH/12.5A,CH/12.5B,CH/12.5C,CH/12.5D,CH/13A,CH/13B,CH/13C,CH/13D,CH/13.5B,CH/13.5A,CH/13.5C,CH/13.5D,1B,1C,1.5B,1.5C,2B,2C,2.5B,2.5C,3B,3C,3.5B,3.5C"
88CMA-51,18,"5M,5.5M,6M,6.5M,7M,7W,7.5M,7.5W,8M,8W,8.5M,8.5W,9M,9W,9.5M,9.5W,10M,10W,10.5M,11M"
88C116-01,28,"6M,6W,6.5M,6.5W,7M,7W,7.5M,7.5W,8M,8W,8.5M,8.5W,9M,9W,9.5M,9.5W,10M,10W,10.5M,10.5W,11M,11W,11.5W,12M,12.5W,13M,13W,13.5W"
88CCG09-01,37,"4M,4.5M,4.5W,5M,5W,5.5M,5.5W,6M,6W,6.5M,6.5W,7M,7W,7.5M,7.5W,8M,8W,8.5M,8.5W,9W,9.5M,9.5W,10M,10W,10.5M,10.5W,11.5M,11.5W,12M,12W,12.5M,12.5W,13W,13.5M,13.5W,14M,14W"
11B2319-01R,8,"6M,6.5M,7M,7.5M,8M,8.5M,9.5M"
88H07G-51,5,"AD/PET,SM,LG,XL,XXL"
88H07G-51,5,"AD/PET,SM,LG,XL,XXL"
88H07G-51,5,"AD/PET,SM,LG,XL,XXL"
